{
    "llm": {
        "max": 1.0,
        "min": 0.0,
        "average": 0.432102698810376
    },
    "data": {
        "max": 1.0,
        "min": 0.0,
        "average": 0.4325397890604583
    },
    "merged": {
        "max": 1.0,
        "min": 0.0,
        "average": 0.37841370680937614
    }
}